Date,//LEON/ELEV//1HOUR/A0S0S0/,//LEON/FLOW//1HOUR/A0S0S0/,//LEON/FLOW-CUMLOC//1HOUR/A0S0S0/,//LEON/FLOW-IN//1HOUR/A0S0S0/,//LEON/FLOW-LOCAL//1HOUR/A0S0S0/,//LEON/FLOW-UNREG//1HOUR/A0S0S0/
44818.95833333333,577.1544063292632,91.53923375055352,8.601887000347578,0.0,0.0,25.70739976883982
44824.29166666667,576.4808517412016,46.63115613486285,11.982358529400546,0.0,0.0,29.79963448129988
44829.625,576.4020691741582,42.82438249532436,8.175584889862048,0.0,0.0,23.097424954641802
44818.25,577.1697526796326,93.36851865318681,9.590609063841693,0.0,0.0,30.70314968945836
44823.58333333333,576.6859820780257,56.543054010205324,21.89425640474302,0.0,0.0,38.92769290299887
44828.91666666667,576.4045078287725,42.94221828628615,8.293420680823846,0.0,0.0,23.495433157419228
44820.375,577.1200592434724,87.44506126166601,9.546750204051717,0.0,0.0,33.87395006079213
44825.70833333333,576.4160011801348,43.497577024111465,8.848779418649157,0.0,0.0,25.387330417895193
44819.66666666667,577.13001909829,88.6322759160815,9.718534063723265,0.0,0.0,33.85079824775919
44825.0,576.4186406386018,43.625115657235554,8.976318051773246,0.0,0.0,25.89927301915423
44830.33333333333,576.3996651687926,42.708220956057474,8.059423350595171,0.0,0.0,22.706274256951577
44816.45833333333,577.1899999675426,95.78199529107215,9.75082397460937,0.0,0.0,30.62012473187746
44821.79166666667,576.7507057134669,59.67050007472203,23.374630193372173,0.0,0.0,37.75020142698773
44827.125,576.4108342373725,43.247910349836275,8.599112744373969,0.0,0.0,24.53349333650049
44821.08333333333,577.0179436016813,75.27287716862716,13.784257173840139,0.0,0.0,27.0332485390177
44826.41666666667,576.4133992240071,43.371850504021396,8.723052898559086,0.0,0.0,24.956609799003548
44817.875,577.1812602131079,94.74021659741062,10.29638821835706,0.0,0.0,44.39403277660725
44823.20833333333,576.7202124572824,58.19706593588321,23.53791480519464,0.0,0.0,33.909810577935986
44828.54166666667,576.4058130789443,43.005287974587496,8.35649036912519,0.0,0.0,23.708948909475616
44817.16666666667,577.1898831147984,95.76806644443627,9.75418283746647,0.0,0.0,37.58729592679194
44822.5,576.7291313680931,58.62802770626129,23.148996281109337,0.0,0.0,37.85346078233316
44827.83333333333,576.4083056949555,43.12573118025117,8.476933574788864,0.0,0.0,24.11764110142974
44818.625,577.15995492469,92.20062630323426,8.22655049764909,0.0,0.0,33.38176233235005
44823.95833333333,576.5773788234286,51.29534474806702,16.646547142604717,0.0,0.0,34.084997421216414
44829.29166666667,576.4032124298323,42.879624609492836,8.230827004030527,0.0,0.0,23.283865014249425
44817.91666666667,577.1810454634101,94.71461843430113,10.382116417265467,0.0,0.0,44.02538980855109
44823.25,576.7201652107331,58.19478298261942,23.53883078771249,0.0,0.0,33.16714565819334
44828.58333333333,576.4056675623424,42.99825661238383,8.34945900692152,0.0,0.0,23.68512814466626
44820.04166666667,577.1212709387371,87.5894953323787,9.351351665026106,0.0,0.0,25.680635750715204
44825.375,576.4172385738399,43.557367887943464,8.908570282481156,0.0,0.0,25.59663005486121
44819.33333333333,577.1313940222132,88.79616684223348,9.517410903933246,0.0,0.0,34.697937791825254
44824.66666666667,576.4198958670268,43.68576829472985,9.036970689267543,0.0,0.0,26.39387486555659
44830.0,576.4007921806943,42.762678171151386,8.113880565689078,0.0,0.0,22.889499064608255
44821.45833333333,576.7868572685506,61.41734321636751,21.99768662921407,0.0,0.0,38.11441249494071
44826.79166666667,576.4120367182431,43.30601422550656,8.65721662004425,0.0,0.0,24.731694354669017
44820.75,577.121485917505,87.61512080065307,10.039178721567279,0.0,0.0,28.38553719612626
44826.08333333333,576.4146190363942,43.43079183856951,8.781994233107206,0.0,0.0,25.158279106372373
44817.54166666667,577.1905933734348,95.85272927105302,10.665673423106037,0.0,0.0,37.75895531071945
44822.875,576.7223358109034,58.29966638284946,23.519736934457384,0.0,0.0,37.90304599050596
44828.20833333333,576.4069816320397,43.06175246015494,8.412954854692634,0.0,0.0,23.900391552236446
44816.83333333333,577.1900016842243,95.78219991952848,9.752093681067452,0.0,0.0,51.71214497801448
44822.16666666667,576.7207718872403,58.22409759144898,22.521420885527377,0.0,0.0,33.09847692162195
44827.5,576.4094910905619,43.18300949594915,8.534211890486844,0.0,0.0,24.3124389598128
44819.625,577.1300383471751,88.63457038311336,9.713913268120983,0.0,0.0,35.703648416698236
44824.95833333333,576.4187970802706,43.632674918670936,8.983877313208632,0.0,0.0,25.946886202862828
44830.29166666667,576.3998056305757,42.71500806941222,8.066210463949911,0.0,0.0,22.729095846469583
44818.91666666667,577.1723853414385,93.68233192991764,10.307524777374953,0.0,0.0,28.44547438597403
44824.25,576.4929171579385,47.21415707158605,12.565359466123745,0.0,0.0,30.393261004997846
44829.58333333333,576.4022116604356,42.83126743224539,8.182469826783086,0.0,0.0,23.1206468517844
44821.04166666667,577.0326704063187,77.02831222250815,11.299127513955835,0.0,0.0,24.92088646824952
44826.375,576.4135512517031,43.379196482293835,8.730398876831533,0.0,0.0,24.981728036996834
44820.33333333333,577.1300975332296,88.64162536057302,10.733746815842746,0.0,0.0,34.525996985406024
44825.66666666667,576.4161553990261,43.505028880944494,8.856231275482187,0.0,0.0,25.412988178794812
44817.125,577.1899855586153,95.78027774699422,9.753915806520872,0.0,0.0,38.92201320106792
44822.45833333333,576.7377907161219,59.04644740301225,23.494470931844244,0.0,0.0,37.98213116656165
44827.79166666667,576.4084534332183,43.13286989310566,8.484072287643357,0.0,0.0,24.141903752802207
44816.41666666667,577.1999999991899,96.9739990234375,10.942825317382809,0.0,0.0,31.80598640441894
44821.75,576.7433629241691,59.31569649584816,22.839941881786846,0.0,0.0,37.939760389323396
44827.08333333333,576.4109841050064,43.25515195390736,8.606354348445054,0.0,0.0,24.558180237335613
44818.54166666667,577.1598845302996,92.19223529216175,8.235440247603751,0.0,0.0,32.72016255730594
44823.875,576.601511936061,52.46145675046836,17.812659145006048,0.0,0.0,35.162757733692075
44829.20833333333,576.4034994487389,42.89349336306108,8.244695757598777,0.0,0.0,23.33071281030545
44817.83333333333,577.181351693895,94.75112110686972,10.183665591649765,0.0,0.0,43.89857597691554
44823.16666666667,576.7202803668797,58.20034732762649,23.536919237702353,0.0,0.0,34.639895288933815
44828.5,576.4059587180907,43.01232525813941,8.363527652677103,0.0,0.0,23.732793965924234
44819.29166666667,577.1220132965765,87.6779843838573,8.230062231723752,0.0,0.0,29.9749466549654
44824.625,576.4200533657659,43.69337863380541,9.044581028343107,0.0,0.0,26.466246335610787
44829.95833333333,576.4009335915723,42.76951114477128,8.120713539308971,0.0,0.0,22.91250733646377
44818.58333333333,577.1699260067114,93.3891792402962,9.422146681819159,0.0,0.0,34.47613752364601
44823.91666666667,576.5894453124714,51.87839749861921,17.229599893156898,0.0,0.0,34.60385120615923
44829.25,576.4033558788839,42.88655606766912,8.237758462206811,0.0,0.0,23.30727699208928
44820.70833333333,577.1210523909423,87.56344443611141,9.873541127869338,0.0,0.0,28.768954791069632
44826.04166666667,576.4147720913356,43.43818745333596,8.789389847873657,0.0,0.0,25.183605813286427
44820.0,577.121492778205,87.61593859606639,9.268386151908203,0.0,0.0,26.17446721146242
44825.33333333333,576.4173938347825,43.56487009668789,8.916072491225584,0.0,0.0,25.6242301305312
44816.79166666667,577.1900015371061,95.78218238303646,9.75185314521883,0.0,0.0,50.58694909164643
44822.125,576.7310708666444,58.721744276253325,23.002406651961252,0.0,0.0,33.905562159218206
44827.45833333333,576.4096398270864,43.190196444813154,8.541398839350851,0.0,0.0,24.336900623322492
44821.41666666667,576.8000214258649,62.053435297789235,21.75805763874172,0.0,0.0,37.830125052311104
44826.75,576.4121875985269,43.313304760819165,8.66450715535686,0.0,0.0,24.75658323033756
44818.20833333333,577.1700963047127,93.40947876136595,9.640107538406033,0.0,0.0,31.816077694149385
44823.54166666667,576.698049782076,57.12616546991653,22.477367864454227,0.0,0.0,38.35956365798283
44828.875,576.4046523687235,42.94920245671754,8.300404851255237,0.0,0.0,23.51906059886307
44817.5,577.1908050350963,95.8779593402563,10.620131834370612,0.0,0.0,37.44901451698167
44822.83333333333,576.7330651922881,58.81811009136325,23.995892440802695,0.0,0.0,38.325968319038225
44828.16666666667,576.4071282552642,43.06883729436245,8.420039688900147,0.0,0.0,23.924431786350567
44820.29166666667,577.1201564510873,87.45664840897449,9.534506327457198,0.0,0.0,32.17956257990677
44825.625,576.4163097477906,43.51248701323855,8.86368940777624,0.0,0.0,25.438718777706207
44819.58333333333,577.1300724455098,88.6386349044698,9.707151265000967,0.0,0.0,37.526574838283096
44824.91666666667,576.4189536536842,43.640240546016386,8.991442940554084,0.0,0.0,25.998944823035902
44830.25,576.3999462106462,42.72180089842497,8.073003292962671,0.0,0.0,22.751940669936104
44821.70833333333,576.7463850616862,59.46172618067587,22.76694648413339,0.0,0.0,38.3817191682885
44827.04166666667,576.411134098849,43.26239965637849,8.613602050916182,0.0,0.0,24.582892293634686
44821.0,577.0344596380572,77.2415886385851,7.618622299931712,0.0,0.0,21.893797702973966
44826.33333333333,576.4137034074269,43.386548646863375,8.73775104140107,0.0,0.0,25.006871943359073
44817.79166666667,577.1712468466671,93.54662335773945,8.84919381551849,0.0,0.0,41.40411942536014
44823.125,576.7203769091496,58.20501225011016,23.535802425199865,0.0,0.0,35.334221728290416
44828.45833333333,576.4061044798847,43.01936846802614,8.370570862563833,0.0,0.0,23.756663340372047
44817.08333333333,577.1900019422483,95.78223067598998,9.75364911962715,0.0,0.0,40.73120487780992
44822.41666666667,576.7354889523128,58.93522617575516,23.328912910256072,0.0,0.0,37.26613381147685
44827.75,576.4086012958963,43.140014617712026,8.491217012249718,0.0,0.0,24.166191330013675
44819.20833333333,577.1336983087014,89.07083778240728,9.096815653742924,0.0,0.0,25.53031110116232
44824.54166666667,576.4203687612609,43.708618544126544,9.059820938664236,0.0,0.0,26.60753058683202
44829.875,576.401216770689,42.78319435969244,8.13439675423013,0.0,0.0,22.95859442659897
44818.5,577.1698283997645,93.37754449260953,9.435108728983645,0.0,0.0,32.942359483527206
44823.83333333333,576.6135786943106,53.044522509089404,18.395724903627098,0.0,0.0,35.779493582178965
44829.16666666667,576.4036431394989,42.90043650058445,8.251638895122138,0.0,0.0,23.35417249359225
44819.95833333333,577.1315880458786,88.81929446237991,10.350455782793771,0.0,0.0,27.86187042949809
44825.29166666667,576.4175492264756,43.57237862329638,8.923581017834072,0.0,0.0,25.652567404061912
44819.25,577.1327921308473,88.96282138582336,9.28661236729141,0.0,0.0,27.880065800097277
44824.58333333333,576.42021099714,43.70099538180526,9.052197776342947,0.0,0.0,26.53776531747802
44829.91666666667,576.401075121537,42.77634987266967,8.127552267207363,0.0,0.0,22.935539106194597
44821.375,576.8148858291129,62.771683262732296,21.406855543024516,0.0,0.0,37.31034177670183
44826.70833333333,576.412338605872,43.320601435738475,8.671803830276167,0.0,0.0,24.7814974718423
44820.66666666667,577.1103400508126,86.28653353550499,8.505626771809169,0.0,0.0,28.040160203448448
44826.0,576.4149252751697,43.44558929620008,8.796791690737777,0.0,0.0,25.208959790129942
44817.45833333333,577.1710280960817,93.52054828883007,8.173550275458638,0.0,0.0,34.70649388489345
44822.79166666667,576.7239499696831,58.377662535083005,23.502619416637575,0.0,0.0,37.637226195196554
44828.125,576.407275001965,43.07592809494879,8.427130489486487,0.0,0.0,23.94849652573118
44816.75,577.2000013537365,96.9741604853854,10.943626715908733,0.0,0.0,48.7647753372356
44822.08333333333,576.7214809332035,58.25835869239265,22.516244332023778,0.0,0.0,33.70362131228211
44827.41666666667,576.4097886888669,43.19738944605021,8.5485918405879,0.0,0.0,24.36138721067109
44818.875,577.1698696984025,93.38246729010362,9.685847596582974,0.0,0.0,29.00793568425095
44824.20833333333,576.504982708319,47.79716446597202,13.148366860509713,0.0,0.0,30.97061276366596
44829.54166666667,576.4023542667054,42.83815816720499,8.18936056174268,0.0,0.0,23.143892510170694
44818.16666666667,577.1706273352262,93.4727775964541,9.686234709977839,0.0,0.0,33.23336684351516
44823.5,576.7101176216963,57.70928348036566,23.060485874903357,0.0,0.0,37.24121901287448
44828.83333333333,576.4047970303965,42.95619250875539,8.307394903293089,0.0,0.0,23.542712108897426
44820.95833333333,577.0625238748154,80.58684554789572,7.749931414196436,0.0,0.0,22.800448005005645
44826.29166666667,576.413855691286,43.3939070029397,8.745109397477393,0.0,0.0,25.03204157528492
44820.25,577.1202438821626,87.46707019281274,9.524023749235162,0.0,0.0,30.485675654319504
44825.58333333333,576.4164642265372,43.51995142627839,8.871153820816083,0.0,0.0,25.464543276822106
44817.04166666667,577.190001932261,95.78222948550592,9.753383169983145,0.0,0.0,42.90484625495591
44822.375,576.7325620087585,58.793796263206886,23.151955708174388,0.0,0.0,36.24454968379993
44827.70833333333,576.4087492830946,43.14716535913294,8.498367753670639,0.0,0.0,24.190503790183058
44821.66666666667,576.7597498585153,60.107513163459,23.14815937650868,0.0,0.0,39.04574968833629
44827.0,576.4112842190063,43.26965346238532,8.620855856923017,0.0,0.0,24.607629531362797
44818.45833333333,577.1797577191996,94.56111932955967,10.638024292642683,0.0,0.0,32.942031194209356
44823.79166666667,576.6256455873337,53.62759477996196,18.978797174499654,0.0,0.0,36.4615324544839
44829.125,576.4037869512657,42.90738548515906,8.258587879696753,0.0,0.0,23.377656066736172
44817.75,577.1808767369932,94.69450624608076,9.871958900894331,0.0,0.0,40.80531200875797
44823.08333333333,576.7205124996374,58.211563982475454,23.534501441424787,0.0,0.0,35.986458677095634
44828.41666666667,576.4062503644296,43.02641760923844,8.377620003776139,0.0,0.0,23.780557057584424
44819.875,577.1310122411048,88.75065853564402,10.04370501154731,0.0,0.0,28.633628525056604
44825.20833333333,576.4178604025536,43.58741465139198,8.938617045929673,0.0,0.0,25.712466049547537
44819.16666666667,577.1346427238512,89.18341206449128,8.835592893329986,0.0,0.0,24.253907694810664
44824.5,576.4205266582403,43.716248126170996,9.067450520708691,0.0,0.0,26.674633454637508
44829.83333333333,576.4013585391285,42.79004461068953,8.14124700522722,0.0,0.0,22.981673359765594
44820.625,577.1096673535171,86.20634802056485,8.36538424528375,0.0,0.0,28.682968905153764
44825.95833333333,576.4150785880051,43.45299737240676,8.804199766944455,0.0,0.0,25.234341770563958
44819.91666666667,577.1214542934526,87.61135121373928,9.018579873456206,0.0,0.0,27.082480138264984
44825.25,576.4177047490292,43.57989347308942,8.931095867627116,0.0,0.0,25.681879964004864
44816.70833333333,577.2000010984582,96.9741300562128,10.943415159241416,0.0,0.0,44.52320175054564
44822.04166666667,576.7320352408054,58.76834283571806,22.995361216219454,0.0,0.0,34.36730333117852
44827.375,576.4099376760091,43.2045885047572,8.555790899294895,0.0,0.0,24.385898747120592
44821.33333333333,576.8421228140465,64.08777437472939,21.379377824599565,0.0,0.0,37.000298698308804
44826.66666666667,576.4124897403857,43.32790425543485,8.679106649972544,0.0,0.0,24.80643710643082
44818.125,577.1712273431037,93.54429853304852,9.708555129692186,0.0,0.0,34.893165992885734
44823.45833333333,576.7101015383764,57.7085063343496,23.059708728887294,0.0,0.0,35.20808591531717
44828.79166666667,576.4049418138939,42.96318844735279,8.31439084189049,0.0,0.0,23.5663877143777
44817.41666666667,577.191216338726,95.92698673127676,10.473254054916769,0.0,0.0,36.76694252580664
44822.75,576.7349813935023,58.91070093402749,23.97135322501635,0.0,0.0,37.853830933715585
44828.08333333333,576.4074218722462,43.08302486693846,8.43422726147615,0.0,0.0,23.97258580214124
44819.54166666667,577.1301302794743,88.64552871281828,9.697215289781001,0.0,0.0,39.093412431917095
44824.875,576.4191103589535,43.647812544632856,8.99901493917055,0.0,0.0,26.055614220140452
44830.20833333333,576.4000869091041,42.728599447909104,8.079801842446797,0.0,0.0,22.7748087533008
44818.83333333333,577.1591858386665,92.10895125229955,8.220792352109132,0.0,0.0,28.814903009647143
44824.16666666667,576.5170483924558,48.380178323458985,13.731380717996679,0.0,0.0,31.529416687280566
44829.5,576.4024969930689,42.845054705085865,8.196257099623557,0.0,0.0,23.167161903974225
44821.625,576.7634550815656,60.28654954124491,23.008493727032988,0.0,0.0,39.00564004799665
44826.95833333333,576.411434465585,43.276913377067864,8.62811577160556,0.0,0.0,24.632391976536766
44820.91666666667,577.0959396141037,84.57000153740728,9.425402155728891,0.0,0.0,25.25941715210581
44826.25,576.4140081033886,43.40127155573688,8.75247395027457,0.0,0.0,25.057237004154995
44817.70833333333,577.1902804719788,95.81543141874073,10.884239219119088,0.0,0.0,40.22468496212795
44823.04166666667,576.7207003776881,58.22064224988827,23.532921617881293,0.0,0.0,36.585090276270755
44828.375,576.4063963718289,43.033472686771304,8.384675081308995,0.0,0.0,23.804475140541413
44817.0,577.1900019159241,95.78222753813911,9.753118687611847,0.0,0.0,45.265264952378
44822.33333333333,576.7200442532315,58.18893831614524,22.526723461232052,0.0,0.0,34.61568591394549
44827.66666666667,576.408897394918,43.15432212243539,8.505524516973086,0.0,0.0,24.214841112424388
44819.125,577.1354643812508,89.28135362323805,8.484610593491032,0.0,0.0,23.66242039985783
44824.45833333333,576.4325914084436,44.29921685599355,9.650419250531245,0.0,0.0,27.31335239336328
44829.79166666667,576.4015004269561,42.79690063051498,8.148103025052674,0.0,0.0,23.004775979330105
44818.41666666667,577.1796778024674,94.55159325539978,10.6533104226631,0.0,0.0,31.818502685350687
44823.75,576.6377126152436,54.210673568570186,19.561875963107877,0.0,0.0,37.19403198240194
44829.08333333333,576.4039308841413,42.914340321708934,8.265542716246625,0.0,0.0,23.40116355463445
44820.54166666667,577.1099966522914,86.24560043315307,8.363684072044972,0.0,0.0,30.57853486422454
44825.875,576.4153856011145,43.467832245849436,8.819034640387134,0.0,0.0,25.28519454721832
44819.83333333333,577.1302985094754,88.66558172827347,9.866665685025264,0.0,0.0,29.047467907351198
44825.16666666667,576.4180161871592,43.59494216353352,8.946144558071207,0.0,0.0,25.74468932954957
44821.29166666667,576.8643414206986,65.16137744815217,20.644467601615162,0.0,0.0,35.88984521982504
44826.625,576.4126410021747,43.33521322508302,8.68641561962071,0.0,0.0,24.831402161880956
44820.58333333333,577.119915487724,87.42792557704139,9.556632629193507,0.0,0.0,30.793075658448828
44825.91666666667,576.4152320299504,43.4604116872053,8.811614081742997,0.0,0.0,25.25975283180896
44817.375,577.1912968394042,95.93658241180036,10.362869004105454,0.0,0.0,36.53347182546494
44822.70833333333,576.7261234042543,58.482682893567976,23.467386575265984,0.0,0.0,37.17660170118004
44828.04166666667,576.4075688662119,43.09012761536016,8.441330009897854,0.0,0.0,23.99669999546732
44816.66666666667,577.1900007788993,95.78209200478622,9.75122419456992,0.0,0.0,38.57393997615926
44822.0,576.732772663363,58.803975093700515,22.989607529183523,0.0,0.0,34.4984068692537
44827.33333333333,576.4100867886183,43.211793626035345,8.562996020573042,0.0,0.0,24.4104352582964
44818.79166666667,577.179854873901,94.57270016957746,10.605075869820821,0.0,0.0,32.48301183318791
44824.125,576.5291142104613,48.96319864948973,14.314401044027425,0.0,0.0,32.068361913251195
44829.45833333333,576.402639839627,42.85195705077486,8.203159445312547,0.0,0.0,23.19045502529913
44818.08333333333,577.1815290138296,94.7722576423755,10.85614107180257,0.0,0.0,37.880039913508426
44823.41666666667,576.7200853282181,58.19092305949776,23.542125454035457,0.0,0.0,33.78117233339749
44828.75,576.4050867193184,42.970190277467026,8.321392672004722,0.0,0.0,23.590087442630676
44820.20833333333,577.1203683442142,87.48190606885007,9.508877281906623,0.0,0.0,28.54119990738218
44825.54166666667,576.4166188353757,43.527422125353255,8.878624519890947,0.0,0.0,25.490491478084344
44819.5,577.1302247129249,88.65678517975662,9.68259905656475,0.0,0.0,40.14725789062017
44824.83333333333,576.4192671961897,43.655390919885804,9.006593314423494,0.0,0.0,26.116791129519694
44830.16666666667,576.4002277260489,42.735403722681994,8.086606117219691,0.0,0.0,22.797700123428413
44816.95833333333,577.1900018947242,95.78222501111468,9.752856995798483,0.0,0.0,47.60185548455566
44822.29166666667,576.7202559916236,58.199169515252606,22.525695547463474,0.0,0.0,33.6838445298811
44827.625,576.4090456314713,43.1614849126906,8.512687307228292,0.0,0.0,24.239203285636904
44821.58333333333,576.7675749298793,60.48562061176845,22.822498501232836,0.0,0.0,38.831866547127426
44826.91666666667,576.4115848386915,43.28417940557044,8.635381800108135,0.0,0.0,24.65717965523689
44818.375,577.1796026201907,94.54263152832428,10.674271383435602,0.0,0.0,31.060478223184717
44823.70833333333,576.6497797781541,54.79375888040289,20.14496127494058,0.0,0.0,37.926059203783566
44829.04166666667,576.4040749382277,42.9213010151622,8.272503409699894,0.0,0.0,23.424694982323995
44817.66666666667,577.1897635349237,95.7538125238485,10.737712072331629,0.0,0.0,38.92711519596327
44823.0,576.7309567992802,58.716232541218616,24.01412125373163,0.0,0.0,37.58970328305603
44828.33333333333,576.406542502186,43.040533705623886,8.391736100161578,0.0,0.0,23.828417610639367
44819.79166666667,577.1296343483256,88.58641372187208,9.725515003404052,0.0,0.0,29.683265098100502
44825.125,576.4181721029563,43.60247601484795,8.953678409385647,0.0,0.0,25.778979153533903
44819.08333333333,577.1459402768389,90.53008033543749,9.220711261796136,0.0,0.0,24.538900024775515
44824.41666666667,576.4446562917293,44.882192016356356,10.233394410894048,0.0,0.0,27.947039518035474
44829.75,576.401642434272,42.80376242402693,8.154964818564622,0.0,0.0,23.02790237293819
44821.20833333333,576.9318648298091,68.42410857637437,18.62623485595861,0.0,0.0,32.8470375247321
44826.54166666667,576.4129439080082,43.34984963495543,8.701052029493125,0.0,0.0,24.881408650548785
44820.5,577.1200121566383,87.43944851123373,9.554408151050728,0.0,0.0,32.690839431906966
44825.83333333333,576.4155393016059,43.47525905359733,8.82646144813502,0.0,0.0,25.310669083509946
44816.625,577.200000456263,96.97405350653557,10.943064814774589,0.0,0.0,35.81275866448467
44821.95833333333,576.7337366136037,58.850553169330425,22.981377142382502,0.0,0.0,34.696088750494724
44827.29166666667,576.4102360268004,43.21900481499014,8.570207209527837,0.0,0.0,24.43499676992059
44821.25,576.9013536842896,66.94981002487032,20.08386634049775,0.0,0.0,34.860114306601204
44826.58333333333,576.4127923913466,43.342528349862064,8.693730744399758,0.0,0.0,24.8563926667215
44818.04166666667,577.1707396983742,93.48617128324372,9.468464872140014,0.0,0.0,38.42992494454988
44823.375,576.7100954217311,57.708210778049214,23.05813212606312,0.0,0.0,32.04619365184062
44828.70833333333,576.4052317467728,42.97719800405953,8.328400398597225,0.0,0.0,23.613811321454087
44817.33333333333,577.1811786159274,94.730490213826,9.032077335192758,0.0,0.0,35.19838614872218
44822.66666666667,576.7273010869591,58.5395885218626,23.43771500219131,0.0,0.0,37.17224246386416
44828.0,576.4077159839662,43.09723634524686,8.448438739784555,0.0,0.0,24.020838800624396
44819.45833333333,577.1303734762854,88.67451777172487,9.661123432805956,0.0,0.0,40.41144689922977
44824.79166666667,576.4194241655039,43.662975677145205,9.0141780716829,0.0,0.0,26.18205544317174
44830.125,576.4003686615804,42.742213727565115,8.093416122102813,0.0,0.0,22.82061480845489
44818.75,577.1799938706005,94.58926857560222,10.605639071312584,0.0,0.0,33.685823195535434
44824.08333333333,576.5411801624485,49.54622544951164,14.897427844049332,0.0,0.0,32.587949449285766
44829.41666666667,576.402782806481,42.858865209162914,8.210067603700612,0.0,0.0,23.213771879574573
44820.875,577.1054180746887,85.69983400122082,9.177175179660807,0.0,0.0,25.7444920877537
44826.20833333333,576.4141606438426,43.40864231047339,8.759844705011082,0.0,0.0,25.08245832235805
44820.16666666667,577.1205371292459,87.50202524396913,9.487104312664929,0.0,0.0,26.81178720993642
44825.5,576.4167735744155,43.534899115756815,8.886101510294512,0.0,0.0,25.516605125462828
44817.625,577.1801544767005,94.6084128220776,9.529448871372635,0.0,0.0,37.10653143406475
44822.95833333333,576.721300830432,58.249656126476935,23.52828892265127,0.0,0.0,37.519052047850366
44828.29166666667,576.4066887556044,43.04760067079958,8.39880306533728,0.0,0.0,23.852384488411957
44816.91666666667,577.1800018426947,94.59021884918678,8.560596620952381,0.0,0.0,48.481811399030754
44822.25,576.7303992294453,58.68929076679447,23.007725469542354,0.0,0.0,33.558139358890614
44827.58333333333,576.4091939928596,43.168653734974065,8.51985612951176,0.0,0.0,24.263590310232782
44819.04166666667,577.1458532858296,90.51971100747053,8.65787557626953,0.0,0.0,24.343920839746964
44824.375,576.4567213082094,45.46517361267479,10.816376007212485,0.0,0.0,28.574046723792236
44829.70833333333,576.4017845611774,42.81062999608758,8.161832390625273,0.0,0.0,23.051052644768397
44818.33333333333,577.1695593455149,93.34547322714505,9.51028584006567,0.0,0.0,29.643580703147904
44823.66666666667,576.6618470761787,55.37685072095351,20.728053115491203,0.0,0.0,38.55964132222557
44829.0,576.4042191136269,42.92826757045117,8.279469964988861,0.0,0.0,23.448250375017622
44820.45833333333,577.1200206684304,87.44046311681262,9.552668017073215,0.0,0.0,33.42981255726153
44825.79166666667,576.4156931315338,43.482692115711544,8.833894510249237,0.0,0.0,25.336179585704183
44819.75,577.1198981757526,87.42586199011356,8.531934306573424,0.0,0.0,29.55966162786737
44825.08333333333,576.4183281500553,43.61001621067374,8.961218605211435,0.0,0.0,25.81582258771296
44830.41666666667,576.3993845996914,42.6946638570889,8.045866251626594,0.0,0.0,22.66070067904866
44816.54166666667,577.1899999268084,95.78199043555564,9.750859243924754,0.0,0.0,31.022082622502776
44821.875,576.7365242269927,58.98525064828814,22.952295291822587,0.0,0.0,35.68815803734857
44827.20833333333,576.4105348803057,43.23344541637316,8.58464781091085,0.0,0.0,24.484194897574294
44821.16666666667,576.98117935962,70.89057966198308,17.602710779318773,0.0,0.0,31.26564131422057
44826.5,576.4130955522672,43.35717708555093,8.708379480088622,0.0,0.0,24.906450144482122
44817.29166666667,577.2007898146562,97.06814502386541,11.252492416971904,0.0,0.0,37.51851059996039
44822.625,576.7383901526239,59.075412174782436,23.878893100206888,0.0,0.0,37.85489025787743
44827.95833333333,576.4078632256134,43.104351061635754,8.45555345617345,0.0,0.0,24.0450022609351
44816.58333333333,577.1900001355853,95.78201532175531,9.750939416157049,0.0,0.0,32.12968679537222
44821.91666666667,576.7449725296552,59.39347263293713,23.452696512071412,0.0,0.0,35.560422323928236
44827.25,576.4103853906608,43.22622207673138,8.577424471269074,0.0,0.0,24.459583307750915
44818.70833333333,577.1699864379401,93.3963826425078,9.414610566504244,0.0,0.0,33.50606514662013
44824.04166666667,576.5532462485302,50.129258728976694,15.480461123514392,0.0,0.0,33.091550194374506
44829.375,576.4029258937323,42.865779185145115,8.216981579682809,0.0,0.0,23.23711248171802
44818.0,577.1702276238857,93.42513200625963,9.299607045393572,0.0,0.0,40.147350336327875
44823.33333333333,576.7201104558981,58.19213722899393,23.54052452170242,0.0,0.0,32.16872223966771
44828.66666666667,576.4053768963596,42.984211632095935,8.335414026633625,0.0,0.0,23.63755937906145
44820.125,577.1207525860087,87.52770768923244,9.4560508488253,0.0,0.0,25.728618445307415
44825.45833333333,576.4169284437663,43.542382402787226,8.893584797324921,0.0,0.0,25.542942050179846
44819.41666666667,577.1305995400386,88.70146457019908,9.629666748750767,0.0,0.0,39.63457587754708
44824.75,576.4195812670072,43.67056682178558,9.021769216323271,0.0,0.0,26.250670569521024
44830.08333333333,576.4005097157985,42.74902946738399,8.100231861921687,0.0,0.0,22.843552838268327
44821.54166666667,576.7723585043805,60.71676293166195,22.584767320094016,0.0,0.0,38.61043920003241
44826.875,576.4117353384322,43.291451553041696,8.64265394757939,0.0,0.0,24.68199259362419
44820.83333333333,577.1102190910972,86.2721151379098,9.094618209083626,0.0,0.0,26.321000289944443
44826.16666666667,576.414313312756,43.41601927237209,8.767221666909782,0.0,0.0,25.10770565355353
44818.29166666667,577.1695908178966,93.34922473491788,9.546409103973884,0.0,0.0,29.9512952418208
44823.625,576.6739145094313,55.95994909572009,21.311151490257785,0.0,0.0,38.94983556930701
44828.95833333333,576.4043634104411,42.93523999251228,8.286442387049977,0.0,0.0,23.471829758148054
44817.58333333333,577.1903967770705,95.82929498521305,10.698316720742481,0.0,0.0,37.99830638068296
44822.91666666667,576.721753504459,58.27152933545674,23.524713517568927,0.0,0.0,37.79231980156365
44828.25,576.4068351321877,43.054673587306,8.405875981843689,0.0,0.0,23.87637579473734
44819.70833333333,577.1199935250271,87.43722762325315,8.529714542885612,0.0,0.0,30.964500466440704
44825.04166666667,576.4184843285669,43.6175627563538,8.96876515089149,0.0,0.0,25.855744604477835
44830.375,576.3995248251977,42.70143955355145,8.052641948089148,0.0,0.0,22.68347587608725
44819.0,577.1451702450803,90.43829255289353,8.01957433937607,0.0,0.0,24.298292927564194
44824.33333333333,576.4687864579961,46.04816165036878,11.39936404490648,0.0,0.0,29.192363033208114
44829.66666666667,576.4019268077724,42.81750335156325,8.168705746100947,0.0,0.0,23.074226861873925
44821.125,577.004709717051,73.69539817364284,16.447401402509755,0.0,0.0,29.72720567095715
44826.45833333333,576.413247324231,43.36451070684073,8.715713101378423,0.0,0.0,24.931517181821622
44820.41666666667,577.1200352273323,87.44219853787483,9.550227646820831,0.0,0.0,33.865706126833615
44825.75,576.415847091007,43.490131437459105,8.841333831996797,0.0,0.0,25.361730750320348
44817.20833333333,577.1795898832175,94.54111328117055,8.562448800801238,0.0,0.0,35.5392453401734
44822.54166666667,576.7295399349929,58.64776965885554,23.256444421680595,0.0,0.0,37.87611690086507
44827.875,576.4081580810035,43.1185984740901,8.469800868627795,0.0,0.0,24.09340335070374
44816.5,577.1999998854283,96.97398546305445,10.942825317382809,0.0,0.0,31.877059056388546
44821.83333333333,576.7384277094867,59.077226922396534,22.927379816788726,0.0,0.0,36.46588907590483
44827.16666666667,576.410684495841,43.240674839033886,8.59187723357158,0.0,0.0,24.50883156520784
44817.95833333333,577.1807144819356,94.67516544386352,10.445556906197547,0.0,0.0,42.931290032009414
44823.29166666667,576.7201326673784,58.193210487722794,23.539694668606334,0.0,0.0,32.50462268339045
44828.625,576.4055221681818,42.99123116654603,8.342433561083727,0.0,0.0,23.661331643949257
44817.25,577.1901624036428,95.80135767357494,9.889116109651052,0.0,0.0,36.3903111342707
44822.58333333333,576.7292117599011,58.63191223841756,23.33696695977531,0.0,0.0,37.663928058507246
44827.91666666667,576.4080105912576,43.111471769568276,8.462674164105968,0.0,0.0,24.069190425526315
44819.375,577.1409302609643,89.93288646321832,10.7758151341091,0.0,0.0,38.878515461531045
44824.70833333333,576.419738500811,43.678164359185935,9.029366753723629,0.0,0.0,26.321648715471483
44830.04166666667,576.4006508888032,42.755850946968195,8.10705334150589,0.0,0.0,22.866514245149148
44818.66666666667,577.169974182141,93.39492175131176,9.416160379662166,0.0,0.0,34.22864869268888
44824.0,576.5653124688191,50.712298493341436,16.063500887879126,0.0,0.0,33.58651627888054
44829.33333333333,576.4030691014823,42.87269898362065,8.223901378158343,0.0,0.0,23.26047685220878
44820.79166666667,577.1215026072427,87.61711021732516,10.177818157335308,0.0,0.0,27.98803979550661
44826.125,576.4144661102372,43.42340244666024,8.774604841197936,0.0,0.0,25.13297916812067
44820.08333333333,577.1310062563673,88.74994515495882,10.604245121682249,0.0,0.0,26.61398788012127
44825.41666666667,576.4170834435379,43.54987199174709,8.901074386284783,0.0,0.0,25.569581402691522
44816.875,577.2000017987166,96.97421352700607,10.944344231213577,0.0,0.0,52.378919159592826
44822.20833333333,576.7305567722335,58.69690323432178,23.006337767703915,0.0,0.0,33.39355935087748
44827.54166666667,576.409342479188,43.17582859436556,8.527030988903256,0.0,0.0,24.288002195984724
44821.5,576.7783903729734,61.008222822074316,22.300117041758927,0.0,0.0,38.37674836200681
44826.83333333333,576.4118859649138,43.29872982463462,8.649932219172317,0.0,0.0,24.706830817965383
